split,open_time,close_time,side,regime,reason,entry,sl,tp,exit,exit_reason,pnl,pnl_points,r_multiple,bars_held
train,2024-02-26 10:15:00,2024-02-26 10:15:00,sell,range,range_sell_research,2034.83,2035.523967934236,2034.1360320657639,2035.523967934236,sl,-0.006939679342360706,-0.6939679342360705,-1.0,0
train,2024-02-26 14:15:00,2024-02-26 14:15:00,buy,range,range_buy_research,2031.76,2030.9623286714266,2032.5576713285734,2032.5576713285734,tp,0.00797671328573415,0.7976713285734149,1.0,0
train,2024-03-06 10:00:00,2024-03-06 10:00:00,sell,range,range_sell_research,2128.51,2129.404820105779,2127.6151798942215,2127.6151798942215,tp,0.008948201057787628,0.8948201057787628,1.0,0
train,2024-03-07 12:00:00,2024-03-07 13:15:00,buy,trend_up,trend_buy_research,2157.73,2154.210045522817,2163.7139226112113,2154.210045522817,sl,-0.03519954477183092,-3.5199544771830915,-1.0,5
train,2024-03-07 15:15:00,2024-03-07 15:15:00,sell,range,range_sell_research,2158.1,2159.5344009716364,2156.6655990283634,2159.5344009716364,sl,-0.014344009716364781,-1.434400971636478,-1.0,0
train,2024-03-08 05:15:00,2024-03-08 05:15:00,buy,range,range_buy_research,2155.75,2154.776346365416,2156.723653634584,2156.723653634584,tp,0.00973653634584025,0.973653634584025,1.0,0
train,2024-03-11 17:00:00,2024-03-11 17:00:00,sell,range,range_sell_research,2181.79,2183.33927261633,2180.2407273836698,2180.2407273836698,tp,0.015492726163301995,1.5492726163301995,1.0,0
train,2024-03-11 19:00:00,2024-03-11 19:15:00,sell,range,range_sell_research,2184.34,2186.0075481083213,2182.672451891679,2182.672451891679,tp,0.016675481083211707,1.6675481083211707,1.0,1
train,2024-03-12 06:30:00,2024-03-12 07:15:00,buy,range,range_buy_research,2177.94,2176.9831848153217,2178.8968151846784,2178.8968151846784,tp,0.009568151846783621,0.9568151846783621,1.0,3
train,2024-03-13 09:15:00,2024-03-13 09:30:00,sell,range,range_sell_research,2159.74,2160.68390975072,2158.7960902492796,2158.7960902492796,tp,0.009439097507201951,0.943909750720195,1.0,1
train,2024-03-19 05:30:00,2024-03-19 05:30:00,sell,range,range_sell_research,2161.58,2162.404513539417,2160.7554864605827,2160.7554864605827,tp,0.008245135394172393,0.8245135394172394,1.0,0
train,2024-03-20 06:00:00,2024-03-20 06:45:00,sell,range,range_sell_research,2158.97,2159.7108122913032,2158.2291877086964,2159.7108122913032,sl,-0.007408122913034276,-0.7408122913034276,-1.0,3
train,2024-03-20 11:30:00,2024-03-20 11:45:00,buy,range,range_buy_research,2156.36,2155.5155121151656,2157.2044878848346,2155.5155121151656,sl,-0.00844487884834507,-0.844487884834507,-1.0,1
train,2024-03-26 11:00:00,2024-03-26 11:00:00,sell,range,range_sell_research,2173.04,2173.935316670511,2172.144683329489,2172.144683329489,tp,0.008953166705109651,0.8953166705109652,1.0,0
train,2024-03-27 06:30:00,2024-03-27 06:30:00,sell,range,range_sell_research,2179.39,2180.6337630552075,2178.1462369447922,2178.1462369447922,tp,0.01243763055207637,1.243763055207637,1.0,0
train,2024-03-27 11:30:00,2024-03-27 11:30:00,sell,range,range_sell_research,2179.55,2180.6320772986483,2178.467922701352,2178.467922701352,tp,0.010820772986480733,1.0820772986480733,1.0,0
train,2024-04-01 20:00:00,2024-04-01 22:45:00,sell,trend_down,trend_sell_research,2238.11,2244.283492856345,2220.2068707165995,2244.283492856345,sl,-0.061734928563450926,-6.173492856345092,-1.0,11
train,2024-04-02 03:45:00,2024-04-02 04:00:00,buy,trend_up,trend_buy_research,2253.15,2249.0454394704607,2260.1277529002173,2249.0454394704607,sl,-0.041045605295394125,-4.1045605295394125,-1.0,1
train,2024-04-11 11:30:00,2024-04-11 11:30:00,buy,range,range_buy_research,2332.34,2330.504791233795,2334.1752087662053,2330.504791233795,sl,-0.018352087662051417,-1.8352087662051417,-1.0,0
train,2024-04-15 11:15:00,2024-04-15 11:15:00,buy,range,range_buy_research,2354.28,2351.769689421932,2356.7903105780683,2351.769689421932,sl,-0.02510310578068129,-2.510310578068129,-1.0,0
train,2024-04-15 17:00:00,2024-04-15 17:00:00,buy,range,range_buy_research,2348.7,2345.839697049245,2351.5603029507547,2345.839697049245,sl,-0.028603029507548856,-2.8603029507548854,-1.0,0
train,2024-04-19 18:30:00,2024-04-19 18:30:00,sell,range,range_sell_research,2393.17,2396.026646465858,2390.313353534142,2390.313353534142,tp,0.02856646465857921,2.8566464658579207,1.0,0
train,2024-04-19 19:15:00,2024-04-19 19:15:00,sell,range,range_sell_research,2392.74,2395.4960179611844,2389.983982038815,2389.983982038815,tp,0.02756017961184625,2.756017961184625,1.0,0
train,2024-04-26 07:45:00,2024-04-26 08:00:00,sell,range,range_sell_research,2335.15,2336.493647767267,2333.8063522327334,2336.493647767267,sl,-0.013436477672667025,-1.3436477672667024,-1.0,1
train,2024-05-03 10:15:00,2024-05-03 10:15:00,buy,range,range_buy_research,2298.67,2297.4300092348294,2299.9099907651707,2299.9099907651707,tp,0.012399907651706598,1.2399907651706599,1.0,0
train,2024-05-03 11:15:00,2024-05-03 11:15:00,buy,range,range_buy_research,2300.83,2299.474810892752,2302.185189107248,2299.474810892752,sl,-0.01355189107247952,-1.355189107247952,-1.0,0
train,2024-05-07 03:45:00,2024-05-07 03:45:00,sell,range,range_sell_research,2326.76,2328.0457825497983,2325.474217450202,2328.0457825497983,sl,-0.012857825497981139,-1.285782549798114,-1.0,0
train,2024-05-08 05:15:00,2024-05-08 05:15:00,buy,range,range_buy_research,2308.92,2307.7277433710765,2310.1122566289237,2307.7277433710765,sl,-0.011922566289235874,-1.1922566289235874,-1.0,0
train,2024-05-08 18:45:00,2024-05-08 18:45:00,sell,range,range_sell_research,2317.37,2319.3722963716523,2315.3677036283475,2319.3722963716523,sl,-0.020022963716523918,-2.002296371652392,-1.0,0
train,2024-05-09 01:45:00,2024-05-09 04:30:00,sell,trend_down,trend_sell_research,2309.38,2311.904640464971,2302.058542651584,2311.904640464971,sl,-0.025246404649710712,-2.524640464971071,-1.0,11
train,2024-05-14 04:30:00,2024-05-14 04:30:00,sell,range,range_sell_research,2338.71,2339.8030764415735,2337.6169235584266,2339.8030764415735,sl,-0.010930764415734302,-1.0930764415734302,-1.0,0
train,2024-05-14 14:00:00,2024-05-14 15:30:00,buy,trend_up,trend_buy_research,2345.76,2342.09629520134,2351.9882981577225,2342.09629520134,sl,-0.03663704798660092,-3.663704798660092,-1.0,6
train,2024-05-14 17:15:00,2024-05-14 17:15:00,sell,range,range_sell_research,2350.6,2352.9454045805364,2348.2545954194634,2348.2545954194634,tp,0.02345404580536524,2.345404580536524,1.0,0
train,2024-05-24 18:00:00,2024-05-24 18:15:00,buy,range,range_buy_research,2338.46,2336.363792791791,2340.556207208209,2336.363792791791,sl,-0.020962072082088525,-2.0962072082088525,-1.0,1
train,2024-05-24 19:00:00,2024-05-24 19:15:00,buy,range,range_buy_research,2334.59,2332.5008290276537,2336.6791709723466,2336.6791709723466,tp,0.020891709723464373,2.0891709723464373,1.0,1
train,2024-05-27 04:45:00,2024-05-27 05:15:00,sell,range,range_sell_research,2339.05,2340.394175805946,2337.7058241940545,2340.394175805946,sl,-0.013441758059457243,-1.3441758059457243,-1.0,2
train,2024-05-29 08:45:00,2024-05-29 08:45:00,sell,range,range_sell_research,2358.44,2359.5883207299403,2357.29167927006,2359.5883207299403,sl_same_bar,-0.011483207299402238,-1.1483207299402238,-1.0,0
train,2024-05-29 09:45:00,2024-05-29 09:45:00,buy,range,range_buy_research,2354.01,2352.7121767917583,2355.307823208242,2355.307823208242,tp,0.0129782320824188,1.29782320824188,1.0,0
train,2024-05-29 11:15:00,2024-05-29 11:15:00,buy,range,range_buy_research,2351.31,2349.945955899215,2352.674044100785,2349.945955899215,sl,-0.013640441007851223,-1.3640441007851223,-1.0,0
train,2024-05-30 01:45:00,2024-05-30 04:15:00,sell,trend_down,trend_sell_research,2337.56,2339.7779789950378,2331.12786091439,2339.7779789950378,sl,-0.022179789950378108,-2.217978995037811,-1.0,10
train,2024-06-10 14:30:00,2024-06-10 14:30:00,sell,range,range_sell_research,2299.12,2300.594286179967,2297.6457138200326,2300.594286179967,sl,-0.014742861799672937,-1.4742861799672937,-1.0,0
train,2024-06-12 10:00:00,2024-06-12 10:00:00,sell,range,range_sell_research,2314.88,2315.9575381169298,2313.8024618830705,2313.8024618830705,tp,0.010775381169296452,1.0775381169296452,1.0,0
train,2024-06-12 10:45:00,2024-06-12 10:45:00,buy,range,range_buy_research,2312.74,2311.6611752030267,2313.818824796973,2313.818824796973,tp,0.010788247969730947,1.0788247969730946,1.0,0
train,2024-06-12 12:00:00,2024-06-12 12:00:00,buy,range,range_buy_research,2312.83,2311.7446003323716,2313.915399667628,2313.915399667628,tp,0.010853996676282805,1.0853996676282804,1.0,0
train,2024-06-13 13:45:00,2024-06-13 13:45:00,sell,range,range_sell_research,2319.0,2320.3498880805887,2317.6501119194113,2317.6501119194113,tp,0.013498880805886983,1.3498880805886984,1.0,0
train,2024-06-14 06:30:00,2024-06-14 06:30:00,sell,range,range_sell_research,2306.96,2308.049887915107,2305.870112084893,2305.870112084893,tp,0.010898879151068287,1.0898879151068286,1.0,0
train,2024-06-18 10:00:00,2024-06-18 10:00:00,buy,range,range_buy_research,2320.14,2319.052434982141,2321.2275650178585,2319.052434982141,sl,-0.01087565017858651,-1.0875650178586511,-1.0,0
train,2024-06-19 10:15:00,2024-06-19 10:15:00,sell,range,range_sell_research,2330.25,2331.0874860166696,2329.4125139833304,2331.0874860166696,sl,-0.008374860166695726,-0.8374860166695726,-1.0,0
train,2024-06-24 22:00:00,2024-06-24 22:00:00,sell,range,range_sell_research,2333.87,2335.096119668145,2332.6438803318547,2332.6438803318547,tp,0.01226119668145202,1.226119668145202,1.0,0
train,2024-06-26 18:45:00,2024-06-27 11:30:00,sell,trend_down,trend_sell_research,2299.4,2305.25919067799,2282.4083470338296,2305.25919067799,sl,-0.05859190677989773,-5.859190677989773,-1.0,63
train,2024-07-01 08:00:00,2024-07-01 08:00:00,buy,range,range_buy_research,2323.69,2322.6331445303676,2324.7468554696325,2322.6331445303676,sl,-0.0105685546963241,-1.05685546963241,-1.0,0
train,2024-07-01 12:30:00,2024-07-01 12:45:00,sell,range,range_sell_research,2327.63,2328.9801934994325,2326.2798065005677,2326.2798065005677,tp,0.013501934994324075,1.3501934994324074,1.0,1
train,2024-07-02 13:30:00,2024-07-02 13:30:00,buy,range,range_buy_research,2324.64,2323.3344748595746,2325.945525140425,2323.3344748595746,sl_same_bar,-0.013055251404252885,-1.3055251404252886,-1.0,0
train,2024-07-08 06:15:00,2024-07-08 06:45:00,buy,range,range_buy_research,2383.01,2381.6577352151126,2384.362264784888,2381.6577352151126,sl,-0.013522647848876659,-1.3522647848876659,-1.0,2
train,2024-07-12 05:30:00,2024-07-12 05:30:00,buy,range,range_buy_research,2407.8,2406.295063993926,2409.3049360060745,2409.3049360060745,tp,0.015049360060743311,1.504936006074331,1.0,0
train,2024-07-17 18:30:00,2024-07-17 18:45:00,buy,range,range_buy_research,2464.82,2461.392650373737,2468.2473496262633,2461.392650373737,sl,-0.034273496262630945,-3.4273496262630943,-1.0,1
train,2024-07-18 16:30:00,2024-07-18 16:30:00,buy,range,range_buy_research,2462.99,2461.3688313524,2464.6111686475997,2461.3688313524,sl,-0.01621168647599916,-1.6211686475999159,-1.0,0
train,2024-07-24 09:15:00,2024-07-24 09:30:00,buy,trend_up,trend_buy_research,2419.0,2415.1809640937436,2425.492361040636,2415.1809640937436,sl,-0.038190359062564315,-3.819035906256431,-1.0,1
train,2024-07-24 15:30:00,2024-07-24 15:30:00,sell,range,range_sell_research,2417.58,2419.03679450951,2416.12320549049,2419.03679450951,sl,-0.014567945095100185,-1.4567945095100185,-1.0,0
train,2024-07-26 16:15:00,2024-07-26 16:15:00,sell,range,range_sell_research,2376.53,2378.361149698924,2374.6988503010766,2378.361149698924,sl_same_bar,-0.018311496989235822,-1.831149698923582,-1.0,0
train,2024-07-26 17:00:00,2024-07-26 17:00:00,sell,range,range_sell_research,2381.65,2383.6901473719154,2379.609852628085,2383.6901473719154,sl,-0.02040147371915282,-2.040147371915282,-1.0,0
train,2024-07-29 15:15:00,2024-07-29 15:15:00,buy,range,range_buy_research,2387.88,2386.251500147413,2389.508499852587,2389.508499852587,tp,0.016284998525870835,1.6284998525870833,1.0,0
train,2024-07-29 16:30:00,2024-07-29 16:30:00,sell,range,range_sell_research,2393.6,2395.4203989423427,2391.779601057657,2395.4203989423427,sl_same_bar,-0.01820398942342763,-1.820398942342763,-1.0,0
train,2024-07-29 18:00:00,2024-07-29 18:00:00,buy,range,range_buy_research,2381.33,2379.178342213253,2383.481657786747,2379.178342213253,sl,-0.021516577867469095,-2.1516577867469096,-1.0,0
train,2024-07-29 21:00:00,2024-07-29 22:30:00,sell,trend_down,trend_sell_research,2378.27,2384.022577572269,2361.5875250404206,2384.022577572269,sl,-0.057525775722688195,-5.7525775722688195,-1.0,6
train,2024-07-30 07:45:00,2024-07-30 07:45:00,sell,range,range_sell_research,2385.93,2387.1726932920014,2384.6873067079982,2387.1726932920014,sl,-0.012426932920016042,-1.2426932920016043,-1.0,0
train,2024-08-06 09:30:00,2024-08-06 09:30:00,buy,range,range_buy_research,2406.46,2403.9809836108443,2408.9390163891558,2403.9809836108443,sl,-0.024790163891557315,-2.4790163891557313,-1.0,0
train,2024-08-07 20:45:00,2024-08-07 20:45:00,buy,range,range_buy_research,2392.96,2390.8445740035604,2395.0754259964397,2390.8445740035604,sl,-0.021154259964396262,-2.115425996439626,-1.0,0
train,2024-08-09 06:30:00,2024-08-09 06:30:00,buy,range,range_buy_research,2421.94,2420.4219476192297,2423.4580523807704,2420.4219476192297,sl,-0.01518052380770314,-1.518052380770314,-1.0,0
train,2024-08-09 09:15:00,2024-08-09 09:15:00,buy,range,range_buy_research,2418.2,2416.7892454272555,2419.610754572744,2419.610754572744,tp,0.014107545727442812,1.4107545727442812,1.0,0
train,2024-08-09 20:15:00,2024-08-09 20:15:00,sell,range,range_sell_research,2433.67,2435.6420598245268,2431.6979401754734,2435.6420598245268,sl,-0.019720598245266955,-1.9720598245266956,-1.0,0
train,2024-08-12 08:15:00,2024-08-12 08:30:00,sell,range,range_sell_research,2432.55,2433.700793726588,2431.3992062734123,2431.3992062734123,tp,0.011507937265878355,1.1507937265878354,1.0,1
train,2024-08-16 05:45:00,2024-08-16 05:45:00,buy,range,range_buy_research,2456.19,2454.906862962244,2457.4731370377563,2454.906862962244,sl,-0.012831370377562053,-1.2831370377562052,-1.0,0
train,2024-08-16 06:45:00,2024-08-16 07:00:00,buy,range,range_buy_research,2453.33,2452.018296674944,2454.641703325056,2452.018296674944,sl,-0.013117033250559872,-1.311703325055987,-1.0,1
train,2024-08-19 11:45:00,2024-08-19 11:45:00,sell,range,range_sell_research,2504.44,2506.0794338287783,2502.800566171222,2502.800566171222,tp,0.016394338287782376,1.6394338287782375,1.0,0
train,2024-08-19 15:45:00,2024-08-19 17:00:00,sell,trend_down,trend_sell_research,2491.43,2496.3192187497234,2477.2512656258014,2496.3192187497234,sl,-0.04889218749723568,-4.889218749723568,-1.0,5
train,2024-08-21 06:15:00,2024-08-21 06:15:00,sell,range,range_sell_research,2515.35,2516.832520767328,2513.867479232672,2513.867479232672,tp,0.014825207673279692,1.4825207673279692,1.0,0
train,2024-08-21 11:00:00,2024-08-21 11:00:00,buy,range,range_buy_research,2509.78,2508.0771696214974,2511.482830378503,2511.482830378503,tp,0.017028303785027673,1.7028303785027674,1.0,0
train,2024-08-22 16:15:00,2024-08-22 16:45:00,sell,trend_down,trend_sell_research,2498.86,2504.22539516624,2483.3003540179043,2483.3003540179043,tp,0.15559645982095846,15.559645982095844,2.899999999999983,2
train,2024-08-27 18:00:00,2024-08-27 18:15:00,sell,range,range_sell_research,2514.76,2516.877422956861,2512.642577043139,2516.877422956861,sl,-0.02117422956860992,-2.1174229568609917,-1.0,1
train,2024-09-06 07:45:00,2024-09-06 08:00:00,sell,range,range_sell_research,2518.64,2519.4039928633747,2517.876007136625,2519.4039928633747,sl,-0.007639928633748241,-0.7639928633748241,-1.0,1
train,2024-09-09 07:00:00,2024-09-09 07:30:00,sell,range,range_sell_research,2499.3,2500.478284313972,2498.1217156860284,2498.1217156860284,tp,0.011782843139717444,1.1782843139717443,1.0,2
train,2024-09-09 21:45:00,2024-09-10 15:30:00,buy,trend_up,trend_buy_research,2503.11,2498.8810897076637,2510.299147496972,2510.299147496972,tp,0.07189147496972055,7.189147496972055,1.7000000000000322,67
train,2024-09-12 08:00:00,2024-09-12 08:00:00,sell,range,range_sell_research,2517.07,2517.8972912771137,2516.2427087228866,2517.8972912771137,sl,-0.008272912771135453,-0.8272912771135452,-1.0,0
train,2024-09-13 18:45:00,2024-09-16 06:00:00,buy,trend_up,trend_buy_research,2578.89,2573.132934777126,2588.677010878885,2588.677010878885,tp,0.09787010878885212,9.787010878885212,1.6999999999999762,41
train,2024-09-17 05:45:00,2024-09-17 05:45:00,sell,range,range_sell_research,2583.73,2584.707367168512,2582.752632831488,2582.752632831488,tp,0.009773671685120461,0.9773671685120462,1.0,0
train,2024-09-18 07:15:00,2024-09-18 07:15:00,sell,range,range_sell_research,2574.43,2575.541797069167,2573.3182029308327,2573.3182029308327,tp,0.011117970691670961,1.1117970691670962,1.0,0
train,2024-09-18 16:15:00,2024-09-18 16:30:00,buy,trend_up,trend_buy_research,2577.64,2573.932198412255,2583.9432626991666,2573.932198412255,sl,-0.03707801587745053,-3.7078015877450525,-1.0,1
train,2024-09-20 08:00:00,2024-09-20 08:00:00,sell,range,range_sell_research,2593.77,2594.8105589165557,2592.7294410834443,2592.7294410834443,tp,0.010405589165557103,1.0405589165557103,1.0,0
train,2024-09-20 22:00:00,2024-09-23 04:00:00,buy,trend_up,trend_buy_research,2621.77,2617.1618844254494,2629.603796476736,2617.1618844254494,sl,-0.046081155745505385,-4.608115574550538,-1.0,20
train,2024-09-25 09:00:00,2024-09-25 09:00:00,buy,range,range_buy_research,2657.28,2655.5934952176253,2658.966504782375,2655.5934952176253,sl_same_bar,-0.01686504782374868,-1.6865047823748682,-1.0,0
train,2024-09-25 16:45:00,2024-09-25 16:45:00,sell,range,range_sell_research,2662.22,2664.0498509380795,2660.39014906192,2664.0498509380795,sl,-0.01829850938079744,-1.829850938079744,-1.0,0
train,2024-09-25 17:45:00,2024-09-25 17:45:00,sell,range,range_sell_research,2661.73,2663.778776424992,2659.681223575008,2659.681223575008,tp,0.020487764249919566,2.0487764249919564,1.0,0
train,2024-09-26 07:15:00,2024-09-26 08:00:00,sell,range,range_sell_research,2661.39,2662.6014663509986,2660.178533649001,2660.178533649001,tp,0.012114663509987623,1.2114663509987622,1.0,3
train,2024-09-26 08:45:00,2024-09-26 08:45:00,sell,range,range_sell_research,2662.56,2663.6824160630476,2661.4375839369523,2661.4375839369523,tp,0.011224160630476945,1.1224160630476945,1.0,0
train,2024-09-27 16:00:00,2024-09-27 16:00:00,sell,range,range_sell_research,2670.03,2671.853137612044,2668.2068623879563,2668.2068623879563,tp,0.018231376120438653,1.8231376120438654,1.0,0
train,2024-10-02 07:15:00,2024-10-02 07:15:00,buy,range,range_buy_research,2655.89,2654.6794098250853,2657.1005901749145,2654.6794098250853,sl,-0.012105901749146141,-1.2105901749146142,-1.0,0
train,2024-10-03 19:30:00,2024-10-03 19:30:00,sell,range,range_sell_research,2653.07,2655.541035556605,2650.5989644433953,2655.541035556605,sl,-0.02471035556604875,-2.4710355566048747,-1.0,0
train,2024-10-08 06:00:00,2024-10-08 06:00:00,buy,range,range_buy_research,2635.77,2633.821917234027,2637.718082765973,2637.718082765973,tp,0.019480827659731404,1.9480827659731403,1.0,0
train,2024-10-08 10:15:00,2024-10-08 10:15:00,buy,range,range_buy_research,2636.99,2635.0934376137097,2638.88656238629,2635.0934376137097,sl,-0.01896562386290043,-1.896562386290043,-1.0,0
train,2024-10-08 12:15:00,2024-10-08 12:45:00,sell,trend_down,trend_sell_research,2636.4,2641.1310634306833,2622.6799160510186,2641.1310634306833,sl,-0.04731063430683207,-4.731063430683207,-1.0,2
train,2024-10-10 06:15:00,2024-10-10 06:15:00,sell,range,range_sell_research,2615.04,2616.281859402776,2613.798140597224,2616.281859402776,sl,-0.012418594027758445,-1.2418594027758445,-1.0,0
train,2024-10-10 11:15:00,2024-10-10 11:45:00,sell,range,range_sell_research,2616.1,2617.4708463658562,2614.7291536341436,2614.7291536341436,tp,0.013708463658563232,1.3708463658563232,1.0,2
train,2024-10-10 12:45:00,2024-10-10 13:30:00,sell,range,range_sell_research,2616.52,2617.7976144428862,2615.2423855571137,2617.7976144428862,sl,-0.012776144428862608,-1.2776144428862608,-1.0,3
train,2024-10-10 14:15:00,2024-10-10 14:15:00,sell,range,range_sell_research,2617.47,2618.661483753043,2616.2785162469568,2616.2785162469568,tp,0.011914837530430305,1.1914837530430304,1.0,0
train,2024-10-17 13:45:00,2024-10-17 13:45:00,sell,range,range_sell_research,2686.82,2688.469804587724,2685.1701954122764,2688.469804587724,sl,-0.016498045877237928,-1.6498045877237928,-1.0,0
train,2024-10-17 17:30:00,2024-10-17 17:30:00,sell,range,range_sell_research,2689.65,2691.89165633669,2687.40834366331,2691.89165633669,sl,-0.022416563366900847,-2.2416563366900846,-1.0,0
train,2024-10-21 17:00:00,2024-10-21 17:00:00,sell,range,range_sell_research,2739.0,2740.8602434920526,2737.1397565079474,2737.1397565079474,tp,0.01860243492052632,1.860243492052632,1.0,0
train,2024-10-22 16:15:00,2024-10-22 16:15:00,sell,range,range_sell_research,2736.13,2737.80379553525,2734.45620446475,2737.80379553525,sl,-0.01673795535250065,-1.6737955352500649,-1.0,0
train,2024-10-22 17:00:00,2024-10-22 17:00:00,sell,range,range_sell_research,2735.82,2737.6416930725018,2733.9983069274986,2737.6416930725018,sl_same_bar,-0.01821693072501603,-1.8216930725016027,-1.0,0
train,2024-10-29 16:30:00,2024-10-29 16:30:00,sell,range,range_sell_research,2755.15,2757.0497137036295,2753.2502862963706,2757.0497137036295,sl_same_bar,-0.01899713703629459,-1.899713703629459,-1.0,0
train,2024-10-30 06:00:00,2024-10-30 09:15:00,buy,trend_up,trend_buy_research,2780.47,2777.000351780582,2786.36840197301,2786.36840197301,tp,0.05898401973010096,5.898401973010095,1.7000000000000262,13
train,2024-10-30 15:30:00,2024-10-30 15:30:00,buy,range,range_buy_research,2778.58,2777.0236624540357,2780.136337545964,2777.0236624540357,sl_same_bar,-0.015563375459641975,-1.5563375459641975,-1.0,0
train,2024-10-30 17:00:00,2024-10-30 17:15:00,buy,range,range_buy_research,2777.56,2775.255473746603,2779.864526253397,2779.864526253397,tp,0.023045262533969435,2.3045262533969435,1.0,1
train,2024-10-30 20:45:00,2024-10-30 22:00:00,sell,range,range_sell_research,2788.91,2790.961862472006,2786.8581375279937,2786.8581375279937,tp,0.02051862472006178,2.051862472006178,1.0,5
train,2024-10-31 07:45:00,2024-10-31 08:00:00,buy,range,range_buy_research,2784.15,2782.9434439562715,2785.3565560437287,2782.9434439562715,sl,-0.012065560437285967,-1.2065560437285967,-1.0,1
train,2024-10-31 10:15:00,2024-10-31 10:30:00,buy,range,range_buy_research,2781.15,2779.754087308911,2782.545912691089,2782.545912691089,tp,0.013959126910890518,1.3959126910890518,1.0,1
train,2024-11-01 16:30:00,2024-11-01 16:30:00,sell,range,range_sell_research,2753.71,2756.065775959013,2751.354224040987,2756.065775959013,sl,-0.023557759590130446,-2.3557759590130445,-1.0,0
train,2024-11-04 07:30:00,2024-11-04 07:30:00,sell,range,range_sell_research,2741.05,2742.403274833139,2739.696725166861,2739.696725166861,tp,0.013532748331390395,1.3532748331390394,1.0,0
train,2024-11-04 11:15:00,2024-11-04 11:15:00,buy,range,range_buy_research,2733.84,2732.19456534813,2735.4854346518705,2735.4854346518705,tp,0.01645434651870346,1.645434651870346,1.0,0
train,2024-11-04 12:30:00,2024-11-04 12:45:00,sell,range,range_sell_research,2742.04,2743.8723700340574,2740.2076299659425,2740.2076299659425,tp,0.01832370034057476,1.832370034057476,1.0,1
train,2024-11-04 15:30:00,2024-11-04 15:30:00,sell,range,range_sell_research,2740.72,2742.3935716981155,2739.046428301884,2742.3935716981155,sl_same_bar,-0.016735716981156657,-1.6735716981156656,-1.0,0
train,2024-11-04 16:15:00,2024-11-04 16:15:00,sell,range,range_sell_research,2745.91,2747.6672336081488,2744.152766391851,2744.152766391851,tp,0.017572336081489084,1.7572336081489084,1.0,0
train,2024-11-05 16:45:00,2024-11-05 16:45:00,sell,range,range_sell_research,2745.24,2747.0121067834384,2743.467893216561,2747.0121067834384,sl_same_bar,-0.017721067834386303,-1.7721067834386304,-1.0,0
train,2024-11-05 17:45:00,2024-11-05 17:45:00,buy,range,range_buy_research,2738.24,2735.9919710057843,2740.4880289942153,2740.4880289942153,tp,0.02248028994215474,2.248028994215474,1.0,0
train,2024-11-06 03:15:00,2024-11-06 03:15:00,buy,range,range_buy_research,2738.87,2737.225609621276,2740.514390378724,2740.514390378724,tp,0.01644390378723983,1.6443903787239833,1.0,0
train,2024-11-06 04:00:00,2024-11-06 04:00:00,sell,range,range_sell_research,2747.13,2749.083921524073,2745.176078475927,2745.176078475927,tp,0.01953921524072939,1.953921524072939,1.0,0
train,2024-11-06 05:45:00,2024-11-06 06:00:00,buy,range,range_buy_research,2734.79,2731.9417756053344,2737.6382243946655,2737.6382243946655,tp,0.028482243946655217,2.8482243946655217,1.0,1
train,2024-11-15 04:00:00,2024-11-15 04:00:00,buy,range,range_buy_research,2565.06,2563.296381766398,2566.823618233602,2566.823618233602,tp,0.017636182336018463,1.7636182336018464,1.0,0
train,2024-11-15 16:45:00,2024-11-15 16:45:00,sell,range,range_sell_research,2570.86,2573.55439759309,2568.1656024069102,2573.55439759309,sl,-0.026943975930898888,-2.6943975930898887,-1.0,0
train,2024-11-15 19:15:00,2024-11-15 20:00:00,buy,range,range_buy_research,2563.2,2560.5022201634033,2565.8977798365963,2560.5022201634033,sl,-0.0269777983659651,-2.69777983659651,-1.0,3
train,2024-11-21 20:45:00,2024-11-21 21:00:00,sell,range,range_sell_research,2671.25,2673.411995871853,2669.088004128147,2673.411995871853,sl,-0.021619958718529234,-2.1619958718529233,-1.0,1
train,2024-11-26 09:45:00,2024-11-26 11:00:00,sell,trend_down,trend_sell_research,2612.51,2618.37582594987,2595.4991047453777,2618.37582594987,sl,-0.05865825949869759,-5.865825949869759,-1.0,5
train,2024-12-03 15:15:00,2024-12-03 15:15:00,buy,range,range_buy_research,2643.27,2641.658896609161,2644.881103390839,2644.881103390839,tp,0.01611103390839162,1.6111033908391619,1.0,0
train,2024-12-03 16:15:00,2024-12-03 16:15:00,sell,range,range_sell_research,2652.5,2654.409219919975,2650.590780080025,2650.590780080025,tp,0.0190921991997493,1.9092199199749302,1.0,0
train,2024-12-04 16:45:00,2024-12-04 16:45:00,sell,range,range_sell_research,2651.07,2653.4289786122204,2648.71102138778,2648.71102138778,tp,0.023589786122201986,2.3589786122201986,1.0,0
train,2024-12-05 04:15:00,2024-12-05 04:15:00,buy,range,range_buy_research,2647.33,2646.100167933474,2648.559832066526,2646.100167933474,sl,-0.01229832066525887,-1.229832066525887,-1.0,0
train,2024-12-05 05:15:00,2024-12-05 05:45:00,buy,range,range_buy_research,2647.95,2646.5864848981664,2649.313515101833,2649.313515101833,tp,0.013635151018333999,1.3635151018334,1.0,2
train,2024-12-05 10:45:00,2024-12-05 10:45:00,buy,range,range_buy_research,2646.23,2644.7486616140945,2647.7113383859055,2644.7486616140945,sl,-0.014813383859054738,-1.4813383859054738,-1.0,0
train,2024-12-05 11:45:00,2024-12-05 12:00:00,buy,range,range_buy_research,2645.73,2644.1229924344066,2647.3370075655935,2647.3370075655935,tp,0.016070075655934487,1.6070075655934488,1.0,1
train,2024-12-06 15:45:00,2024-12-06 15:45:00,buy,range,range_buy_research,2635.81,2633.6806274591086,2637.9393725408913,2633.6806274591086,sl,-0.021293725408913815,-2.1293725408913815,-1.0,0
train,2024-12-09 03:45:00,2024-12-09 04:30:00,sell,range,range_sell_research,2646.82,2649.482711580034,2644.1572884199663,2644.1572884199663,tp,0.02662711580033829,2.662711580033829,1.0,3
train,2024-12-23 08:00:00,2024-12-23 08:00:00,sell,range,range_sell_research,2626.73,2628.0342057557723,2625.4257942442277,2625.4257942442277,tp,0.013042057557722728,1.3042057557722728,1.0,0
train,2024-12-30 12:00:00,2024-12-30 13:30:00,sell,trend_down,trend_sell_research,2612.84,2616.688001633427,2601.680795263062,2616.688001633427,sl,-0.03848001633426975,-3.848001633426975,-1.0,6
train,2025-01-08 04:45:00,2025-01-08 04:45:00,buy,range,range_buy_research,2648.45,2647.340931688103,2649.5590683118967,2649.5590683118967,tp,0.011090683118968627,1.1090683118968627,1.0,0
train,2025-01-08 07:00:00,2025-01-08 07:15:00,buy,range,range_buy_research,2647.01,2645.9931311384935,2648.026868861507,2648.026868861507,tp,0.010168688615067367,1.0168688615067367,1.0,1
train,2025-01-14 12:00:00,2025-01-14 12:00:00,buy,range,range_buy_research,2667.34,2665.850438251197,2668.8295617488034,2668.8295617488034,tp,0.014895617488032259,1.4895617488032258,1.0,0
train,2025-01-14 13:00:00,2025-01-14 13:00:00,buy,range,range_buy_research,2666.76,2665.301504149116,2668.218495850884,2665.301504149116,sl,-0.014584958508839918,-1.4584958508839918,-1.0,0
train,2025-01-14 16:45:00,2025-01-14 16:45:00,buy,range,range_buy_research,2663.15,2661.045281651981,2665.254718348019,2661.045281651981,sl_same_bar,-0.02104718348019105,-2.104718348019105,-1.0,0
train,2025-01-16 18:15:00,2025-01-16 23:15:00,buy,trend_up,trend_buy_research,2718.63,2712.5417532166152,2728.9800195317544,2712.5417532166152,sl,-0.06088246783384875,-6.088246783384875,-1.0,20
train,2025-01-21 13:30:00,2025-01-21 13:30:00,buy,range,range_buy_research,2719.89,2718.1083968895587,2721.671603110441,2721.671603110441,tp,0.017816031104412103,1.7816031104412104,1.0,0
train,2025-01-28 10:45:00,2025-01-28 10:45:00,buy,range,range_buy_research,2738.63,2737.3283230461725,2739.9316769538277,2739.9316769538277,tp,0.013016769538276095,1.3016769538276094,1.0,0
train,2025-01-28 11:45:00,2025-01-28 12:00:00,sell,range,range_sell_research,2743.14,2744.607658748393,2741.6723412516067,2744.607658748393,sl,-0.014676587483932054,-1.4676587483932053,-1.0,1
train,2025-01-28 12:45:00,2025-01-28 12:45:00,sell,range,range_sell_research,2743.2,2744.566116397148,2741.8338836028515,2741.8338836028515,tp,0.013661163971482893,1.3661163971482893,1.0,0
train,2025-01-28 13:45:00,2025-01-28 13:45:00,sell,range,range_sell_research,2743.54,2744.8641805867073,2742.2158194132926,2742.2158194132926,tp,0.013241805867073709,1.3241805867073708,1.0,0
train,2025-01-31 09:45:00,2025-01-31 09:45:00,sell,range,range_sell_research,2797.82,2799.0894908806417,2796.5505091193586,2799.0894908806417,sl,-0.012694908806415698,-1.2694908806415697,-1.0,0
train,2025-01-31 10:45:00,2025-01-31 10:45:00,buy,range,range_buy_research,2794.16,2792.76792206263,2795.5520779373696,2792.76792206263,sl,-0.01392077937369777,-1.392077937369777,-1.0,0
train,2025-01-31 12:30:00,2025-01-31 12:30:00,buy,range,range_buy_research,2794.16,2792.8149189501814,2795.5050810498183,2792.8149189501814,sl,-0.013450810498184182,-1.3450810498184183,-1.0,0
train,2025-02-03 13:00:00,2025-02-03 14:30:00,buy,trend_up,trend_buy_research,2798.19,2792.7739264822244,2807.397324980219,2807.397324980219,tp,0.092073249802188,9.2073249802188,1.7000000000000335,6
train,2025-02-06 09:15:00,2025-02-06 09:15:00,buy,range,range_buy_research,2859.81,2858.105229562317,2861.5147704376827,2861.5147704376827,tp,0.017047704376827823,1.7047704376827824,1.0,0
train,2025-02-10 04:15:00,2025-02-10 08:00:00,buy,trend_up,trend_buy_research,2872.39,2866.9406595233118,2881.65387881037,2881.65387881037,tp,0.09263878810369988,9.263878810369988,1.7000000000000335,15
train,2025-02-13 18:15:00,2025-02-13 18:15:00,sell,range,range_sell_research,2919.95,2922.3304772713154,2917.569522728684,2917.569522728684,tp,0.023804772713156126,2.3804772713156126,1.0,0
train,2025-02-14 09:00:00,2025-02-14 09:00:00,sell,range,range_sell_research,2934.33,2935.802251364685,2932.8577486353147,2932.8577486353147,tp,0.014722513646852349,1.4722513646852349,1.0,0
train,2025-02-18 03:45:00,2025-02-18 03:45:00,buy,range,range_buy_research,2895.92,2894.627393166468,2897.212606833532,2894.627393166468,sl,-0.012926068335318633,-1.2926068335318632,-1.0,0
train,2025-02-18 05:00:00,2025-02-18 05:00:00,sell,range,range_sell_research,2903.08,2904.6018580921314,2901.5581419078685,2904.6018580921314,sl,-0.015218580921314243,-1.5218580921314242,-1.0,0
train,2025-02-18 14:15:00,2025-02-18 14:15:00,sell,range,range_sell_research,2912.99,2914.4433023471474,2911.536697652852,2914.4433023471474,sl,-0.014533023471476555,-1.4533023471476554,-1.0,0
train,2025-02-18 15:15:00,2025-02-18 15:15:00,sell,range,range_sell_research,2914.75,2916.3141486838003,2913.1858513161997,2916.3141486838003,sl,-0.015641486838003402,-1.5641486838003402,-1.0,0
train,2025-02-18 16:00:00,2025-02-18 16:00:00,sell,range,range_sell_research,2918.78,2920.483493315711,2917.0765066842896,2920.483493315711,sl,-0.017034933157106025,-1.7034933157106025,-1.0,0
train,2025-02-21 03:30:00,2025-02-21 03:30:00,sell,range,range_sell_research,2945.56,2947.241634780093,2943.8783652199068,2943.8783652199068,tp,0.01681634780093191,1.6816347800931908,1.0,0
train,2025-02-21 04:15:00,2025-02-21 04:30:00,buy,range,range_buy_research,2938.38,2935.844350360108,2940.9156496398923,2940.9156496398923,tp,0.025356496398921992,2.535649639892199,1.0,1
train,2025-02-21 20:00:00,2025-02-21 20:30:00,sell,range,range_sell_research,2939.83,2942.0493804849193,2937.6106195150805,2942.0493804849193,sl,-0.022193804849193838,-2.219380484919384,-1.0,2
train,2025-02-24 14:15:00,2025-02-24 15:00:00,sell,range,range_sell_research,2946.38,2948.3585317266293,2944.401468273371,2948.3585317266293,sl,-0.019785317266291715,-1.9785317266291713,-1.0,3
train,2025-02-25 20:30:00,2025-02-25 21:45:00,sell,trend_down,trend_sell_research,2906.0,2913.6074390201725,2883.9384268414997,2913.6074390201725,sl,-0.07607439020172478,-7.607439020172478,-1.0,5
train,2025-02-28 01:30:00,2025-02-28 02:30:00,sell,trend_down,trend_sell_research,2875.43,2880.1245455711346,2861.815817843709,2880.1245455711346,sl,-0.04694545571134768,-4.694545571134768,-1.0,4
train,2025-03-03 13:30:00,2025-03-03 13:45:00,sell,range,range_sell_research,2873.33,2875.1997525921647,2871.460247407835,2875.1997525921647,sl,-0.018697525921647865,-1.8697525921647866,-1.0,1
train,2025-03-06 07:30:00,2025-03-06 07:30:00,buy,range,range_buy_research,2916.29,2914.9901328753954,2917.5898671246046,2917.5898671246046,tp,0.012998671246045888,1.2998671246045888,1.0,0
train,2025-03-10 08:45:00,2025-03-10 09:00:00,buy,range,range_buy_research,2909.5,2907.9320861704045,2911.0679138295955,2911.0679138295955,tp,0.015679138295954544,1.5679138295954544,1.0,1
train,2025-03-12 09:30:00,2025-03-12 09:30:00,sell,range,range_sell_research,2916.07,2917.53197621646,2914.6080237835404,2914.6080237835404,tp,0.014619762164597887,1.4619762164597887,1.0,0
train,2025-03-12 12:15:00,2025-03-12 12:30:00,sell,range,range_sell_research,2919.69,2921.4992262425344,2917.8807737574657,2917.8807737574657,tp,0.018092262425343505,1.8092262425343506,1.0,1
train,2025-03-13 14:15:00,2025-03-13 15:45:00,buy,trend_up,trend_buy_research,2945.8,2941.480905116439,2953.1424613020545,2941.480905116439,sl,-0.0431909488356132,-4.31909488356132,-1.0,6
train,2025-03-18 03:45:00,2025-03-18 03:45:00,sell,range,range_sell_research,3001.76,3002.8680618878366,3000.651938112164,3000.651938112164,tp,0.011080618878363566,1.1080618878363566,1.0,0
train,2025-03-19 05:00:00,2025-03-19 05:00:00,buy,range,range_buy_research,3029.46,3028.2935813193076,3030.6264186806925,3030.6264186806925,tp,0.01166418680692459,1.166418680692459,1.0,0
train,2025-03-19 21:30:00,2025-03-19 21:30:00,sell,range,range_sell_research,3037.67,3039.9103232692214,3035.4296767307787,3039.9103232692214,sl,-0.02240323269221335,-2.240323269221335,-1.0,0
train,2025-03-20 10:30:00,2025-03-20 10:30:00,buy,range,range_buy_research,3046.83,3044.972469676058,3048.6875303239417,3044.972469676058,sl,-0.018575303239417737,-1.8575303239417735,-1.0,0
train,2025-03-20 11:15:00,2025-03-20 11:15:00,buy,range,range_buy_research,3042.51,3040.65518526906,3044.3648147309405,3040.65518526906,sl,-0.018548147309402338,-1.8548147309402339,-1.0,0
train,2025-03-21 15:00:00,2025-03-21 15:00:00,sell,range,range_sell_research,3034.37,3036.1331642636906,3032.606835736309,3036.1331642636906,sl,-0.01763164263690669,-1.763164263690669,-1.0,0
train,2025-03-24 10:30:00,2025-03-24 10:30:00,sell,range,range_sell_research,3025.2,3026.8046524811034,3023.5953475188962,3023.5953475188962,tp,0.016046524811035853,1.6046524811035852,1.0,0
train,2025-03-26 05:45:00,2025-03-26 05:45:00,sell,range,range_sell_research,3023.54,3024.7803445501004,3022.2996554498995,3024.7803445501004,sl,-0.012403445501004171,-1.240344550100417,-1.0,0
train,2025-03-28 17:15:00,2025-03-28 17:15:00,sell,range,range_sell_research,3080.57,3083.4028702071632,3077.737129792837,3083.4028702071632,sl_same_bar,-0.028328702071630688,-2.8328702071630687,-1.0,0
train,2025-03-28 18:15:00,2025-03-28 18:15:00,buy,range,range_buy_research,3074.85,3071.602163460881,3078.097836539119,3078.097836539119,tp,0.032478365391189076,3.2478365391189072,1.0,0
train,2025-03-28 20:15:00,2025-03-28 20:30:00,sell,range,range_sell_research,3083.09,3085.8916765424437,3080.2883234575565,3080.2883234575565,tp,0.028016765424436017,2.8016765424436016,1.0,1
train,2025-04-01 17:30:00,2025-04-01 17:30:00,buy,range,range_buy_research,3126.93,3124.077117712501,3129.7828822874985,3129.7828822874985,tp,0.028528822874986873,2.852882287498687,1.0,0
train,2025-04-02 20:00:00,2025-04-02 20:00:00,sell,range,range_sell_research,3131.56,3134.3267402009014,3128.7932597990985,3128.7932597990985,tp,0.02766740200901495,2.766740200901495,1.0,0
train,2025-04-03 01:30:00,2025-04-03 01:30:00,sell,range,range_sell_research,3136.54,3142.035494337881,3131.044505662119,3142.035494337881,sl,-0.05495494337881155,-5.495494337881155,-1.0,0
train,2025-04-04 12:45:00,2025-04-04 13:00:00,sell,trend_down,trend_sell_research,3088.24,3097.222887952576,3062.1896249375286,3097.222887952576,sl,-0.08982887952576221,-8.98288795257622,-1.0,1
train,2025-04-07 14:45:00,2025-04-07 14:45:00,sell,range,range_sell_research,3039.39,3044.4846005393215,3034.2953994606783,3034.2953994606783,tp,0.050946005393216184,5.094600539321618,1.0,0
train,2025-04-08 16:30:00,2025-04-08 16:30:00,sell,range,range_sell_research,3013.77,3017.7598776532236,3009.7801223467764,3009.7801223467764,tp,0.0398987765322363,3.9898776532236297,1.0,0
train,2025-04-08 20:00:00,2025-04-08 20:00:00,buy,range,range_buy_research,2985.99,2981.8569754657647,2990.123024534235,2981.8569754657647,sl,-0.04133024534235119,-4.133024534235119,-1.0,0
train,2025-04-08 22:00:00,2025-04-09 04:30:00,sell,trend_down,trend_sell_research,2983.49,2994.5080972998708,2951.537517830374,2994.5080972998708,sl,-0.11018097299870988,-11.018097299870988,-1.0,22
train,2025-04-10 15:45:00,2025-04-10 15:45:00,sell,range,range_sell_research,3124.93,3129.0940069373196,3120.76599306268,3129.0940069373196,sl,-0.04164006937319755,-4.164006937319755,-1.0,0
train,2025-04-11 13:00:00,2025-04-11 13:45:00,buy,trend_up,trend_buy_research,3227.75,3213.816160503303,3251.437527144385,3213.816160503303,sl,-0.13933839496697148,-13.933839496697146,-1.0,3
train,2025-04-14 11:30:00,2025-04-14 11:45:00,buy,range,range_buy_research,3224.66,3221.14678722314,3228.1732127768596,3228.1732127768596,tp,0.035132127768597456,3.5132127768597456,1.0,1
train,2025-04-15 15:00:00,2025-04-15 15:00:00,buy,range,range_buy_research,3220.17,3217.9600376170306,3222.3799623829696,3222.3799623829696,tp,0.022099623829694794,2.2099623829694792,1.0,0
train,2025-04-15 15:45:00,2025-04-15 15:45:00,buy,range,range_buy_research,3220.49,3217.8509951328774,3223.129004867122,3223.129004867122,tp,0.026390048671223666,2.6390048671223667,1.0,0
train,2025-04-15 21:00:00,2025-04-15 22:00:00,sell,range,range_sell_research,3227.99,3230.468207516735,3225.5117924832643,3230.468207516735,sl,-0.024782075167354378,-2.478207516735438,-1.0,4
train,2025-04-21 11:30:00,2025-04-21 14:30:00,buy,trend_up,trend_buy_research,3389.34,3381.241388154403,3403.1076401375153,3403.1076401375153,tp,0.13767640137515172,13.767640137515173,1.7000000000000055,12
train,2025-04-23 08:30:00,2025-04-23 16:30:00,sell,trend_down,trend_sell_research,3338.94,3355.968908274229,3289.5561660047365,3289.5561660047365,tp,0.4938383399526356,49.38383399526356,2.9000000000000026,32
train,2025-04-28 16:45:00,2025-04-28 16:45:00,sell,range,range_sell_research,3291.74,3295.329039246324,3288.1509607536755,3288.1509607536755,tp,0.03589039246324319,3.589039246324319,1.0,0
train,2025-04-30 05:15:00,2025-04-30 05:30:00,buy,range,range_buy_research,3312.3,3308.91482339015,3315.6851766098503,3308.91482339015,sl,-0.033851766098500775,-3.3851766098500775,-1.0,1
train,2025-04-30 06:15:00,2025-04-30 06:30:00,buy,range,range_buy_research,3310.31,3307.06932223152,3313.55067776848,3307.06932223152,sl,-0.03240677768480055,-3.2406777684800545,-1.0,1
train,2025-05-07 21:30:00,2025-05-07 21:30:00,sell,range,range_sell_research,3387.51,3391.1414752329742,3383.878524767026,3383.878524767026,tp,0.03631475232974026,3.631475232974026,1.0,0
train,2025-05-07 22:30:00,2025-05-07 22:30:00,buy,range,range_buy_research,3373.19,3368.8083211518906,3377.5716788481095,3368.8083211518906,sl,-0.04381678848109459,-4.381678848109459,-1.0,0
train,2025-05-13 05:00:00,2025-05-13 05:00:00,buy,range,range_buy_research,3225.31,3221.7439414479727,3228.876058552027,3228.876058552027,tp,0.03566058552027244,3.5660585520272434,1.0,0
train,2025-05-13 16:30:00,2025-05-13 16:30:00,buy,range,range_buy_research,3244.56,3241.15258311562,3247.96741688438,3241.15258311562,sl,-0.03407416884379927,-3.407416884379927,-1.0,0
train,2025-05-15 05:15:00,2025-05-15 05:15:00,buy,range,range_buy_research,3174.67,3171.456213019066,3177.883786980934,3171.456213019066,sl,-0.03213786980933946,-3.2137869809339463,-1.0,0
train,2025-05-16 16:30:00,2025-05-16 17:00:00,sell,trend_down,trend_sell_research,3174.65,3187.7515522639537,3136.6554984345344,3187.7515522639537,sl,-0.13101552263953636,-13.101552263953636,-1.0,2
train,2025-05-23 17:30:00,2025-05-26 03:00:00,buy,trend_up,trend_buy_research,3351.38,3338.0390718489075,3374.0595778568577,3338.0390718489075,sl,-0.13340928151092613,-13.340928151092612,-1.0,34
train,2025-05-28 06:45:00,2025-05-28 07:15:00,buy,range,range_buy_research,3298.03,3295.034501686903,3301.0254983130976,3295.034501686903,sl,-0.029954983130974142,-2.995498313097414,-1.0,2
test,2025-06-05 05:30:00,2025-06-05 05:30:00,buy,range,range_buy_research,3371.97,3369.475581888306,3374.4644181116937,3369.475581888306,sl,-0.024944181116939034,-2.4944181116939035,-1.0,0
test,2025-06-06 07:00:00,2025-06-06 07:00:00,sell,range,range_sell_research,3369.71,3372.082497823257,3367.337502176743,3372.082497823257,sl,-0.02372497823257163,-2.372497823257163,-1.0,0
test,2025-06-09 18:45:00,2025-06-09 19:15:00,sell,range,range_sell_research,3330.26,3333.159432068521,3327.3605679314796,3333.159432068521,sl,-0.028994320685205823,-2.899432068520582,-1.0,2
test,2025-06-11 04:00:00,2025-06-11 04:15:00,sell,range,range_sell_research,3332.38,3334.9089096774655,3329.8510903225347,3334.9089096774655,sl,-0.025289096774654355,-2.5289096774654354,-1.0,1
test,2025-06-16 07:30:00,2025-06-16 07:45:00,buy,range,range_buy_research,3430.3,3427.49464281952,3433.1053571804805,3427.49464281952,sl,-0.02805357180480314,-2.805357180480314,-1.0,1
test,2025-06-20 04:30:00,2025-06-20 04:30:00,buy,range,range_buy_research,3361.76,3359.3737452017285,3364.146254798272,3359.3737452017285,sl,-0.023862547982716933,-2.3862547982716933,-1.0,0
test,2025-06-23 12:30:00,2025-06-23 12:30:00,sell,range,range_sell_research,3364.99,3367.4664432969544,3362.513556703045,3362.513556703045,tp,0.024764432969545853,2.476443296954585,1.0,0
test,2025-06-25 15:15:00,2025-06-25 15:15:00,buy,range,range_buy_research,3325.96,3323.8767928342727,3328.0432071657274,3328.0432071657274,tp,0.020832071657273445,2.0832071657273445,1.0,0
test,2025-06-25 16:00:00,2025-06-25 16:00:00,buy,range,range_buy_research,3320.68,3318.3850577102394,3322.9749422897603,3318.3850577102394,sl,-0.022949422897604564,-2.2949422897604563,-1.0,0
test,2025-06-26 06:00:00,2025-06-26 06:00:00,sell,range,range_sell_research,3339.54,3341.475833323774,3337.6041666762258,3341.475833323774,sl,-0.019358333237742047,-1.9358333237742045,-1.0,0
test,2025-07-02 05:30:00,2025-07-02 05:30:00,buy,range,range_buy_research,3330.95,3328.8148825852486,3333.085117414751,3333.085117414751,tp,0.02135117414751221,2.135117414751221,1.0,0
test,2025-07-02 20:15:00,2025-07-02 21:00:00,sell,range,range_sell_research,3348.37,3350.6254141036047,3346.114585896395,3350.6254141036047,sl,-0.02255414103604835,-2.255414103604835,-1.0,3
test,2025-07-08 11:30:00,2025-07-08 11:30:00,buy,range,range_buy_research,3328.61,3326.5481859903484,3330.671814009652,3326.5481859903484,sl,-0.020618140096516982,-2.061814009651698,-1.0,0
test,2025-07-08 12:15:00,2025-07-08 12:15:00,buy,range,range_buy_research,3324.39,3322.369503688336,3326.410496311664,3326.410496311664,tp,0.02020496311663919,2.020496311663919,1.0,0
test,2025-07-10 17:15:00,2025-07-10 17:15:00,buy,range,range_buy_research,3319.02,3316.192292391145,3321.8477076088548,3316.192292391145,sl,-0.028277076088547803,-2.82770760885478,-1.0,0
test,2025-07-16 07:15:00,2025-07-16 07:30:00,sell,range,range_sell_research,3333.9,3335.4663210830367,3332.3336789169634,3335.4663210830367,sl,-0.015663210830366554,-1.5663210830366552,-1.0,1
test,2025-07-16 16:00:00,2025-07-16 16:00:00,buy,range,range_buy_research,3334.63,3332.796961153046,3336.463038846954,3336.463038846954,tp,0.018330388469539684,1.8330388469539685,1.0,0
test,2025-07-18 06:45:00,2025-07-18 07:00:00,buy,range,range_buy_research,3336.11,3334.5547028019196,3337.6652971980807,3334.5547028019196,sl,-0.015552971980805524,-1.5552971980805523,-1.0,1
test,2025-07-18 08:00:00,2025-07-18 08:00:00,buy,range,range_buy_research,3337.08,3335.638475984584,3338.5215240154157,3338.5215240154157,tp,0.0144152401541578,1.44152401541578,1.0,0
test,2025-07-18 09:15:00,2025-07-18 09:15:00,buy,range,range_buy_research,3337.19,3335.5977013925453,3338.782298607455,3338.782298607455,tp,0.015922986074547226,1.5922986074547225,1.0,0
test,2025-07-21 11:30:00,2025-07-21 14:15:00,buy,trend_up,trend_buy_research,3365.6,3362.522309391281,3370.832074034822,3370.832074034822,tp,0.0523207403482229,5.23207403482229,1.7000000000000148,11
test,2025-07-23 12:45:00,2025-07-23 13:00:00,sell,range,range_sell_research,3431.24,3433.245742160321,3429.234257839679,3429.234257839679,tp,0.02005742160321006,2.005742160321006,1.0,1
test,2025-07-25 05:30:00,2025-07-25 05:30:00,buy,range,range_buy_research,3366.23,3364.6682990852373,3367.7917009147627,3364.6682990852373,sl,-0.015617009147626959,-1.561700914762696,-1.0,0
test,2025-07-25 06:30:00,2025-07-25 06:45:00,buy,range,range_buy_research,3361.33,3359.82879981449,3362.8312001855097,3359.82879981449,sl,-0.015012001855097878,-1.5012001855097878,-1.0,1
test,2025-07-28 07:15:00,2025-07-28 07:15:00,sell,range,range_sell_research,3342.28,3344.455393965668,3340.1046060343324,3340.1046060343324,tp,0.021753939656678087,2.1753939656678085,1.0,0
test,2025-07-29 09:15:00,2025-07-29 09:30:00,sell,range,range_sell_research,3319.88,3321.6491859506277,3318.1108140493725,3318.1108140493725,tp,0.01769185950627616,1.769185950627616,1.0,1
test,2025-07-29 17:15:00,2025-07-29 17:15:00,buy,range,range_buy_research,3317.67,3315.017045364973,3320.322954635027,3320.322954635027,tp,0.02652954635027072,2.652954635027072,1.0,0
test,2025-08-07 21:15:00,2025-08-07 21:30:00,sell,range,range_sell_research,3391.42,3393.920853727648,3388.919146272352,3388.919146272352,tp,0.025008537276480638,2.500853727648064,1.0,1
test,2025-08-08 17:45:00,2025-08-08 17:45:00,buy,range,range_buy_research,3386.9,3382.9957810436936,3390.8042189563066,3390.8042189563066,tp,0.039042189563065224,3.904218956306522,1.0,0
test,2025-08-12 09:45:00,2025-08-12 09:45:00,buy,range,range_buy_research,3348.86,3346.6622916911297,3351.0577083088706,3346.6622916911297,sl,-0.021977083088704604,-2.1977083088704603,-1.0,0
test,2025-08-12 18:00:00,2025-08-12 18:00:00,buy,range,range_buy_research,3337.46,3333.475785017829,3341.444214982171,3341.444214982171,tp,0.03984214982171125,3.9842149821711246,1.0,0
test,2025-08-12 18:45:00,2025-08-12 19:00:00,sell,range,range_sell_research,3353.36,3357.775627666119,3348.9443723338813,3348.9443723338813,tp,0.04415627666118781,4.41562766611878,1.0,1
test,2025-08-13 06:00:00,2025-08-13 06:00:00,sell,range,range_sell_research,3351.8,3353.794324976213,3349.8056750237874,3349.8056750237874,tp,0.019943249762127382,1.994324976212738,1.0,0
test,2025-08-13 09:45:00,2025-08-13 09:45:00,sell,range,range_sell_research,3354.85,3356.693977466209,3353.0060225337907,3356.693977466209,sl,-0.018439774662092533,-1.8439774662092532,-1.0,0
test,2025-08-15 06:30:00,2025-08-15 06:30:00,sell,range,range_sell_research,3340.82,3342.123033163427,3339.5169668365734,3342.123033163427,sl,-0.013030331634267896,-1.3030331634267895,-1.0,0
test,2025-08-15 14:15:00,2025-08-15 14:15:00,buy,range,range_buy_research,3339.75,3337.805492395897,3341.694507604103,3337.805492395897,sl,-0.0194450760410291,-1.9445076041029097,-1.0,0
test,2025-08-22 15:30:00,2025-08-22 15:30:00,buy,range,range_buy_research,3326.07,3324.569409001969,3327.5705909980315,3324.569409001969,sl,-0.015005909980313845,-1.5005909980313845,-1.0,0
test,2025-08-25 15:15:00,2025-08-25 15:15:00,sell,range,range_sell_research,3368.69,3369.952253692377,3367.4277463076232,3369.952253692377,sl,-0.012622536923768166,-1.2622536923768166,-1.0,0
test,2025-08-25 16:30:00,2025-08-25 16:30:00,buy,range,range_buy_research,3364.12,3362.78418387204,3365.4558161279597,3365.4558161279597,tp,0.01335816127959788,1.335816127959788,1.0,0
test,2025-08-25 17:30:00,2025-08-25 17:30:00,sell,range,range_sell_research,3371.02,3372.6640962211227,3369.3759037788773,3372.6640962211227,sl,-0.016440962211227088,-1.6440962211227088,-1.0,0
test,2025-08-25 18:30:00,2025-08-25 18:30:00,sell,range,range_sell_research,3374.15,3375.7181086440933,3372.581891355907,3372.581891355907,tp,0.015681086440931722,1.5681086440931722,1.0,0
test,2025-08-26 15:00:00,2025-08-26 15:15:00,sell,range,range_sell_research,3377.57,3379.6253568426373,3375.514643157363,3379.6253568426373,sl,-0.020553568426371384,-2.0553568426371385,-1.0,1
test,2025-08-29 13:45:00,2025-08-29 13:45:00,buy,range,range_buy_research,3407.11,3405.829637559437,3408.3903624405634,3405.829637559437,sl,-0.012803624405632945,-1.2803624405632945,-1.0,0
test,2025-09-03 14:30:00,2025-09-03 14:30:00,sell,range,range_sell_research,3545.85,3548.235345824198,3543.464654175802,3548.235345824198,sl,-0.023853458241978844,-2.385345824197884,-1.0,0
test,2025-09-08 04:45:00,2025-09-08 04:45:00,buy,range,range_buy_research,3587.5,3584.685989986348,3590.314010013652,3590.314010013652,tp,0.028140100136520234,2.814010013652023,1.0,0
test,2025-09-09 07:15:00,2025-09-09 09:00:00,buy,trend_up,trend_buy_research,3648.59,3642.0071423387844,3659.7808580240667,3642.0071423387844,sl,-0.06582857661215712,-6.582857661215712,-1.0,7
test,2025-09-11 04:45:00,2025-09-11 04:45:00,sell,range,range_sell_research,3643.22,3645.195124218195,3641.2448757818047,3641.2448757818047,tp,0.019751242181951057,1.9751242181951056,1.0,0
test,2025-09-11 06:00:00,2025-09-11 06:00:00,buy,range,range_buy_research,3637.28,3635.2369040544004,3639.3230959456,3635.2369040544004,sl,-0.020430959455998165,-2.0430959455998163,-1.0,0
test,2025-09-12 04:30:00,2025-09-12 04:30:00,sell,range,range_sell_research,3642.75,3644.645905830178,3640.854094169822,3644.645905830178,sl,-0.018959058301779807,-1.8959058301779805,-1.0,0
test,2025-09-15 13:45:00,2025-09-15 13:45:00,sell,range,range_sell_research,3642.67,3644.7138957527136,3640.6261042472865,3640.6261042472865,tp,0.020438957527135246,2.0438957527135244,1.0,0
test,2025-09-15 15:00:00,2025-09-15 15:00:00,sell,range,range_sell_research,3642.6,3644.6346118966653,3640.5653881033345,3640.5653881033345,tp,0.020346118966654104,2.0346118966654103,1.0,0
test,2025-09-15 16:15:00,2025-09-15 16:15:00,sell,range,range_sell_research,3649.66,3651.954317160351,3647.365682839649,3651.954317160351,sl,-0.022943171603510563,-2.2943171603510564,-1.0,0
test,2025-09-16 19:00:00,2025-09-16 19:15:00,buy,range,range_buy_research,3686.32,3683.358892532993,3689.281107467007,3689.281107467007,tp,0.029611074670069685,2.9611074670069684,1.0,1
test,2025-09-18 09:00:00,2025-09-18 10:30:00,sell,trend_down,trend_sell_research,3651.56,3658.7525497218444,3630.701605806651,3658.7525497218444,sl,-0.07192549721844443,-7.192549721844443,-1.0,6
test,2025-09-19 17:15:00,2025-09-19 17:15:00,sell,range,range_sell_research,3660.58,3663.12605688878,3658.0339431112197,3663.12605688878,sl_same_bar,-0.025460568887801856,-2.5460568887801855,-1.0,0
test,2025-09-23 09:00:00,2025-09-23 09:15:00,sell,range,range_sell_research,3753.21,3755.8658977869204,3750.5541022130797,3755.8658977869204,sl,-0.026558977869203772,-2.6558977869203773,-1.0,1
test,2025-09-26 06:30:00,2025-09-26 06:30:00,buy,range,range_buy_research,3742.59,3739.727324678971,3745.4526753210293,3745.4526753210293,tp,0.02862675321029201,2.862675321029201,1.0,0
test,2025-09-26 12:00:00,2025-09-26 12:15:00,sell,range,range_sell_research,3753.01,3755.457214527173,3750.5627854728273,3750.5627854728273,tp,0.02447214527172946,2.447214527172946,1.0,1
test,2025-09-26 16:30:00,2025-09-26 16:30:00,sell,range,range_sell_research,3757.8,3760.867690130459,3754.7323098695415,3760.867690130459,sl_same_bar,-0.030676901304586866,-3.0676901304586863,-1.0,0
test,2025-09-29 04:15:00,2025-09-29 04:15:00,sell,range,range_sell_research,3776.25,3779.419421727179,3773.080578272821,3779.419421727179,sl_same_bar,-0.03169421727178815,-3.1694217271788148,-1.0,0
test,2025-10-01 09:30:00,2025-10-01 09:30:00,buy,range,range_buy_research,3861.85,3859.0919886015454,3864.6080113984544,3864.6080113984544,tp,0.02758011398454528,2.758011398454528,1.0,0
test,2025-10-02 12:00:00,2025-10-02 12:00:00,sell,range,range_sell_research,3874.55,3877.329624373039,3871.770375626961,3877.329624373039,sl,-0.027796243730390417,-2.7796243730390415,-1.0,0
test,2025-10-03 06:45:00,2025-10-03 06:45:00,buy,range,range_buy_research,3840.76,3837.884238124039,3843.6357618759616,3843.6357618759616,tp,0.028757618759614162,2.875761875961416,1.0,0
test,2025-10-03 18:45:00,2025-10-03 18:45:00,sell,range,range_sell_research,3886.85,3891.0332777229582,3882.6667222770416,3891.0332777229582,sl,-0.041832777229583375,-4.183277722958337,-1.0,0
test,2025-10-09 04:00:00,2025-10-09 04:15:00,sell,trend_down,trend_sell_research,4022.97,4029.81052876404,4003.132466584283,4029.81052876404,sl,-0.068405287640403,-6.8405287640403,-1.0,1
test,2025-10-10 06:15:00,2025-10-10 11:00:00,sell,trend_down,trend_sell_research,3971.3,3983.4822289779277,3935.9715359640104,3983.4822289779277,sl,-0.1218222897792748,-12.18222897792748,-1.0,19
test,2025-10-10 23:00:00,2025-10-10 23:45:00,sell,range,range_sell_research,4011.28,4017.2626367118764,4005.297363288124,4017.2626367118764,sl,-0.059826367118762394,-5.982636711876239,-1.0,3
test,2025-10-14 20:00:00,2025-10-14 20:00:00,sell,range,range_sell_research,4140.36,4146.851264408238,4133.868735591761,4146.851264408238,sl,-0.06491264408238749,-6.491264408238749,-1.0,0
test,2025-10-16 01:15:00,2025-10-16 01:15:00,sell,range,range_sell_research,4205.2,4209.338843308108,4201.0611566918915,4209.338843308108,sl_same_bar,-0.04138843308108335,-4.138843308108335,-1.0,0
test,2025-10-16 02:00:00,2025-10-16 02:00:00,sell,range,range_sell_research,4213.17,4217.26630694166,4209.07369305834,4209.07369305834,tp,0.0409630694166026,4.096306941660259,1.0,0
test,2025-10-16 13:15:00,2025-10-16 13:30:00,sell,range,range_sell_research,4238.89,4243.150283468234,4234.6297165317665,4234.6297165317665,tp,0.04260283468233866,4.260283468233865,1.0,1
test,2025-10-24 06:15:00,2025-10-24 06:15:00,buy,range,range_buy_research,4117.95,4112.693120914365,4123.206879085635,4112.693120914365,sl,-0.05256879085634864,-5.256879085634864,-1.0,0
test,2025-10-28 01:00:00,2025-10-28 02:30:00,sell,trend_down,trend_sell_research,3988.71,4003.5489543642143,3945.6770323437786,4003.5489543642143,sl,-0.1483895436421426,-14.83895436421426,-1.0,6
test,2025-10-30 17:30:00,2025-10-30 17:30:00,sell,range,range_sell_research,3998.17,4005.838277217535,3990.501722782465,3990.501722782465,tp,0.07668277217534979,7.668277217534978,1.0,0
test,2025-10-30 21:00:00,2025-10-30 21:15:00,sell,range,range_sell_research,4004.6,4010.75887818497,3998.44112181503,4010.75887818497,sl,-0.061588781849700354,-6.158878184970035,-1.0,1
test,2025-10-31 16:00:00,2025-10-31 16:00:00,sell,range,range_sell_research,4023.0,4028.0220251604314,4017.9779748395686,4028.0220251604314,sl,-0.0502202516043144,-5.02202516043144,-1.0,0
test,2025-10-31 19:30:00,2025-10-31 19:45:00,buy,range,range_buy_research,3985.89,3979.2735584892216,3992.506441510778,3979.2735584892216,sl,-0.06616441510778259,-6.616441510778259,-1.0,1
test,2025-11-03 17:30:00,2025-11-03 17:30:00,sell,range,range_sell_research,4011.61,4016.5321761215178,4006.6878238784825,4016.5321761215178,sl_same_bar,-0.049221761215176234,-4.922176121517623,-1.0,0
test,2025-11-04 16:15:00,2025-11-04 16:15:00,buy,range,range_buy_research,3975.89,3971.3547110042305,3980.4252889957693,3971.3547110042305,sl,-0.04535288995769406,-4.535288995769406,-1.0,0
test,2025-11-05 19:15:00,2025-11-05 19:15:00,sell,range,range_sell_research,3984.2,3988.473777091954,3979.9262229080455,3979.9262229080455,tp,0.042737770919543436,4.273777091954344,1.0,0
test,2025-11-07 16:00:00,2025-11-07 16:00:00,buy,range,range_buy_research,3997.74,3994.3670628848286,4001.112937115171,4001.112937115171,tp,0.033729371151712255,3.3729371151712257,1.0,0
test,2025-11-07 17:00:00,2025-11-07 17:00:00,buy,range,range_buy_research,3993.47,3989.458755077405,3997.4812449225947,3997.4812449225947,tp,0.04011244922594869,4.011244922594869,1.0,0
test,2025-11-07 18:00:00,2025-11-07 18:00:00,buy,range,range_buy_research,3991.05,3986.865208370621,3995.2347916293793,3995.2347916293793,tp,0.04184791629379106,4.184791629379106,1.0,0
test,2025-11-11 16:45:00,2025-11-11 16:45:00,buy,range,range_buy_research,4132.92,4129.439684254992,4136.400315745008,4129.439684254992,sl,-0.03480315745007829,-3.480315745007829,-1.0,0
test,2025-11-13 06:30:00,2025-11-13 06:30:00,sell,range,range_sell_research,4209.65,4214.802453543981,4204.497546456018,4204.497546456018,tp,0.0515245354398121,5.15245354398121,1.0,0
test,2025-11-17 07:00:00,2025-11-17 10:00:00,sell,trend_down,trend_sell_research,4078.61,4091.202246396743,4042.0924854494465,4091.202246396743,sl,-0.12592246396742668,-12.592246396742667,-1.0,12
test,2025-11-18 04:00:00,2025-11-18 10:30:00,sell,trend_down,trend_sell_research,4025.03,4040.079304160907,3981.38701793337,4040.079304160907,sl,-0.15049304160907015,-15.049304160907013,-1.0,26
test,2025-11-19 05:00:00,2025-11-19 05:15:00,sell,range,range_sell_research,4075.66,4079.794976234502,4071.5250237654977,4071.5250237654977,tp,0.04134976234502119,4.134976234502119,1.0,1
test,2025-11-20 05:45:00,2025-11-20 15:00:00,sell,trend_down,trend_sell_research,4065.98,4082.511189838147,4018.039549469374,4082.511189838147,sl,-0.16531189838146929,-16.53118983814693,-1.0,37
test,2025-11-21 05:45:00,2025-11-21 06:00:00,buy,range,range_buy_research,4054.74,4049.7739778353066,4059.706022164693,4059.706022164693,tp,0.04966022164693186,4.966022164693186,1.0,1
test,2025-11-21 07:00:00,2025-11-21 07:00:00,buy,range,range_buy_research,4052.22,4047.3711760295273,4057.0688239704723,4057.0688239704723,tp,0.04848823970472495,4.848823970472495,1.0,0
test,2025-11-25 17:00:00,2025-11-25 17:00:00,buy,range,range_buy_research,4125.42,4119.963515028134,4130.876484971866,4119.963515028134,sl_same_bar,-0.05456484971866303,-5.456484971866303,-1.0,0
test,2025-11-25 19:30:00,2025-11-25 19:30:00,sell,range,range_sell_research,4149.78,4155.158077881847,4144.4019221181525,4155.158077881847,sl,-0.053780778818472756,-5.378077881847275,-1.0,0
test,2025-11-26 14:15:00,2025-11-26 14:15:00,sell,range,range_sell_research,4170.88,4174.125570072447,4167.634429927553,4167.634429927553,tp,0.03245570072446753,3.2455700724467533,1.0,0
test,2025-11-26 16:45:00,2025-11-26 16:45:00,buy,range,range_buy_research,4149.18,4144.548428116608,4153.811571883392,4144.548428116608,sl,-0.04631571883392099,-4.631571883392098,-1.0,0
test,2025-11-27 04:00:00,2025-11-27 04:00:00,buy,range,range_buy_research,4154.27,4151.464269610557,4157.075730389444,4151.464269610557,sl,-0.02805730389443852,-2.805730389443852,-1.0,0
test,2025-11-28 01:45:00,2025-11-28 02:00:00,sell,range,range_sell_research,4162.62,4164.320008978567,4160.919991021433,4164.320008978567,sl,-0.017000089785669845,-1.7000089785669843,-1.0,1
test,2025-12-02 20:30:00,2025-12-02 21:30:00,sell,trend_down,trend_sell_research,4189.45,4198.650967495949,4162.767194261747,4198.650967495949,sl,-0.09200967495949045,-9.200967495949044,-1.0,4
test,2025-12-05 07:15:00,2025-12-05 07:15:00,sell,range,range_sell_research,4216.32,4218.86458086703,4213.77541913297,4218.86458086703,sl,-0.02544580867030163,-2.544580867030163,-1.0,0
test,2025-12-08 08:15:00,2025-12-08 08:30:00,sell,range,range_sell_research,4215.45,4218.4178553637,4212.482144636299,4218.4178553637,sl,-0.02967855363700437,-2.967855363700437,-1.0,1
test,2025-12-09 05:45:00,2025-12-09 06:30:00,sell,range,range_sell_research,4194.29,4196.663379730127,4191.9166202698725,4191.9166202698725,tp,0.023733797301274534,2.3733797301274535,1.0,3
test,2025-12-09 19:00:00,2025-12-09 19:15:00,sell,range,range_sell_research,4212.4,4216.965048407756,4207.834951592244,4207.834951592244,tp,0.045650484077559665,4.565048407755967,1.0,1
test,2025-12-10 07:30:00,2025-12-10 07:30:00,buy,range,range_buy_research,4205.67,4203.443031548207,4207.896968451793,4207.896968451793,tp,0.022269684517932545,2.2269684517932546,1.0,0
test,2025-12-11 15:30:00,2025-12-11 15:30:00,buy,range,range_buy_research,4213.03,4209.872701252545,4216.187298747454,4209.872701252545,sl_same_bar,-0.03157298747454661,-3.1572987474546608,-1.0,0
test,2025-12-18 10:45:00,2025-12-18 10:45:00,buy,range,range_buy_research,4328.47,4326.048131203321,4330.89186879668,4326.048131203321,sl,-0.024218687966795188,-2.4218687966795187,-1.0,0
test,2025-12-19 12:00:00,2025-12-19 12:30:00,sell,range,range_sell_research,4329.47,4332.056481204977,4326.8835187950235,4326.8835187950235,tp,0.02586481204976735,2.586481204976735,1.0,2
test,2025-12-19 15:45:00,2025-12-19 15:45:00,sell,range,range_sell_research,4329.5,4332.221680567005,4326.778319432995,4332.221680567005,sl,-0.027216805670050234,-2.7216805670050235,-1.0,0
test,2025-12-19 17:30:00,2025-12-19 17:30:00,sell,range,range_sell_research,4337.68,4341.6076257879095,4333.752374212091,4341.6076257879095,sl,-0.03927625787909165,-3.9276257879091645,-1.0,0
test,2025-12-26 16:45:00,2025-12-26 16:45:00,sell,range,range_sell_research,4520.94,4525.032850618544,4516.847149381455,4525.032850618544,sl_same_bar,-0.04092850618544617,-4.092850618544617,-1.0,0
test,2025-12-26 18:15:00,2025-12-26 18:15:00,sell,range,range_sell_research,4539.19,4544.175897773016,4534.204102226983,4544.175897773016,sl,-0.049858977730164046,-4.985897773016404,-1.0,0
valid,2026-01-05 19:30:00,2026-01-06 02:30:00,buy,trend_up,trend_buy_research,4446.07,4430.926113504376,4471.81460704256,4430.926113504376,sl,-0.1514388649562352,-15.14388649562352,-1.0,24
valid,2026-01-06 03:15:00,2026-01-06 03:15:00,buy,range,range_buy_research,4441.96,4437.772971924938,4446.147028075062,4437.772971924938,sl,-0.0418702807506179,-4.187028075061789,-1.0,0
valid,2026-01-06 04:45:00,2026-01-06 05:00:00,sell,range,range_sell_research,4453.6,4458.349227089354,4448.850772910647,4458.349227089354,sl,-0.04749227089353553,-4.749227089353553,-1.0,1
valid,2026-01-07 14:00:00,2026-01-07 18:15:00,sell,trend_down,trend_sell_research,4447.32,4457.950266384308,4416.492227485506,4457.950266384308,sl,-0.10630266384308015,-10.630266384308015,-1.0,17
valid,2026-01-08 04:00:00,2026-01-08 04:00:00,buy,range,range_buy_research,4448.51,4444.507869796731,4452.512130203269,4444.507869796731,sl,-0.04002130203269189,-4.002130203269189,-1.0,0
valid,2026-01-08 04:45:00,2026-01-08 04:45:00,buy,range,range_buy_research,4441.98,4437.879481211158,4446.080518788841,4437.879481211158,sl,-0.04100518788841328,-4.1005187888413275,-1.0,0
valid,2026-01-09 11:30:00,2026-01-09 11:45:00,sell,range,range_sell_research,4473.89,4476.918026253476,4470.861973746525,4470.861973746525,tp,0.030280262534752182,3.0280262534752183,1.0,1
valid,2026-01-09 14:15:00,2026-01-09 14:15:00,sell,range,range_sell_research,4474.18,4477.034081229525,4471.325918770475,4471.325918770475,tp,0.02854081229525036,2.854081229525036,1.0,0
valid,2026-01-13 15:30:00,2026-01-13 15:30:00,sell,range,range_sell_research,4600.86,4604.7734753659015,4596.946524634098,4604.7734753659015,sl,-0.03913475365901831,-3.9134753659018315,-1.0,0
valid,2026-01-14 14:45:00,2026-01-14 14:45:00,sell,range,range_sell_research,4634.26,4637.7908895046085,4630.729110495392,4637.7908895046085,sl,-0.0353088950460824,-3.53088950460824,-1.0,0
valid,2026-01-15 18:30:00,2026-01-15 18:30:00,sell,range,range_sell_research,4611.6,4616.778173130076,4606.421826869925,4606.421826869925,tp,0.051781731300752656,5.178173130075265,1.0,0
valid,2026-01-16 03:15:00,2026-01-16 03:15:00,buy,range,range_buy_research,4603.89,4600.460712787259,4607.319287212742,4600.460712787259,sl_same_bar,-0.03429287212741656,-3.429287212741656,-1.0,0
valid,2026-01-16 14:00:00,2026-01-16 14:15:00,sell,range,range_sell_research,4612.64,4616.041648951246,4609.238351048754,4609.238351048754,tp,0.034016489512459884,3.4016489512459884,1.0,1
valid,2026-01-16 17:00:00,2026-01-16 17:00:00,sell,range,range_sell_research,4607.64,4612.311181730603,4602.968818269398,4612.311181730603,sl,-0.04671181730602257,-4.671181730602257,-1.0,0
valid,2026-01-22 04:15:00,2026-01-22 07:45:00,sell,trend_down,trend_sell_research,4793.63,4812.99897282785,4737.4599787992365,4812.99897282785,sl,-0.19368972827849576,-19.368972827849575,-1.0,14
valid,2026-01-22 17:00:00,2026-01-22 17:00:00,sell,range,range_sell_research,4835.13,4840.35107936574,4829.9089206342605,4840.35107936574,sl_same_bar,-0.0522107936573957,-5.22107936573957,-1.0,0
valid,2026-01-26 20:00:00,2026-01-26 20:00:00,sell,range,range_sell_research,5101.1,5109.230757473144,5092.969242526857,5092.969242526857,tp,0.08130757473143603,8.130757473143603,1.0,0
valid,2026-01-26 23:30:00,2026-01-27 01:30:00,sell,trend_down,trend_sell_research,5020.52,5052.171741247328,4928.72995038275,5052.171741247328,sl,-0.31651741247327664,-31.651741247327664,-1.0,4
valid,2026-01-27 12:30:00,2026-01-27 13:45:00,sell,range,range_sell_research,5087.71,5093.698998496621,5081.721001503379,5081.721001503379,tp,0.05988998496621207,5.988998496621207,1.0,5
valid,2026-01-28 19:15:00,2026-01-28 19:30:00,sell,range,range_sell_research,5295.75,5305.654252486197,5285.845747513803,5285.845747513803,tp,0.09904252486197038,9.904252486197038,1.0,1
valid,2026-01-29 21:15:00,2026-01-29 22:45:00,sell,trend_down,trend_sell_research,5306.77,5385.390722238561,5078.769905508176,5385.390722238561,sl,-0.7862072223856013,-78.62072223856012,-1.0,6
valid,2026-02-04 02:30:00,2026-02-04 02:45:00,sell,range,range_sell_research,4981.54,4996.892140748465,4966.187859251535,4996.892140748465,sl,-0.1535214074846499,-15.35214074846499,-1.0,1
valid,2026-02-10 11:00:00,2026-02-10 11:00:00,sell,range,range_sell_research,5041.97,5049.2192714739585,5034.720728526042,5049.2192714739585,sl,-0.07249271473958288,-7.249271473958288,-1.0,0
valid,2026-02-11 06:00:00,2026-02-11 06:45:00,sell,range,range_sell_research,5054.36,5060.5715307844575,5048.148469215542,5048.148469215542,tp,0.06211530784457864,6.211530784457864,1.0,3
valid,2026-02-11 08:00:00,2026-02-11 08:15:00,sell,range,range_sell_research,5052.92,5058.586578665255,5047.253421334745,5058.586578665255,sl,-0.05666578665254747,-5.666578665254747,-1.0,1
valid,2026-02-11 09:15:00,2026-02-11 09:15:00,sell,range,range_sell_research,5059.43,5064.987238560121,5053.8727614398795,5064.987238560121,sl_same_bar,-0.055572385601208224,-5.5572385601208225,-1.0,0
valid,2026-02-11 12:00:00,2026-02-11 12:00:00,sell,range,range_sell_research,5062.92,5067.985560760844,5057.854439239156,5067.985560760844,sl,-0.05065560760844164,-5.065560760844164,-1.0,0
valid,2026-02-12 11:30:00,2026-02-12 11:45:00,sell,range,range_sell_research,5071.3,5076.923144623272,5065.676855376729,5076.923144623272,sl,-0.056231446232714005,-5.623144623271401,-1.0,1
valid,2026-02-12 16:00:00,2026-02-12 16:00:00,sell,range,range_sell_research,5075.39,5080.719924271667,5070.060075728334,5070.060075728334,tp,0.05329924271666642,5.329924271666641,1.0,0
valid,2026-02-13 13:15:00,2026-02-13 13:15:00,buy,range,range_buy_research,4951.53,4943.88253301626,4959.17746698374,4943.88253301626,sl,-0.07647466983739833,-7.647466983739832,-1.0,0
valid,2026-02-13 17:45:00,2026-02-13 17:45:00,sell,range,range_sell_research,5007.16,5016.599540957427,4997.720459042573,4997.720459042573,tp,0.09439540957427198,9.439540957427198,1.0,0
valid,2026-02-27 08:30:00,2026-02-27 08:45:00,sell,range,range_sell_research,5193.43,5197.757418517889,5189.102581482111,5189.102581482111,tp,0.04327418517888873,4.327418517888873,1.0,1
valid,2026-03-02 15:45:00,2026-03-02 16:00:00,sell,range,range_sell_research,5392.99,5401.754651682421,5384.225348317578,5384.225348317578,tp,0.08764651682421573,8.764651682421572,1.0,1
valid,2026-03-03 10:30:00,2026-03-03 11:15:00,sell,trend_down,trend_sell_research,5312.23,5338.0968998173785,5237.215990529601,5237.215990529601,tp,0.7501400947039838,75.01400947039838,2.8999999999999826,3
valid,2026-03-04 12:30:00,2026-03-04 13:15:00,sell,range,range_sell_research,5188.14,5196.87463490416,5179.40536509584,5196.87463490416,sl,-0.08734634904159976,-8.734634904159975,-1.0,3
valid,2026-03-04 17:30:00,2026-03-04 17:30:00,buy,range,range_buy_research,5156.24,5145.452039789877,5167.027960210123,5145.452039789877,sl_same_bar,-0.10787960210122947,-10.787960210122947,-1.0,0
valid,2026-03-09 17:30:00,2026-03-09 17:30:00,buy,range,range_buy_research,5081.83,5072.822044827648,5090.837955172352,5090.837955172352,tp,0.09007955172352013,9.007955172352013,1.0,0
valid,2026-03-16 20:45:00,2026-03-16 21:15:00,sell,trend_down,trend_sell_research,4987.77,5007.472213838533,4930.633579868256,5007.472213838533,sl,-0.1970221383853277,-19.70221383853277,-1.0,2
valid,2026-03-18 13:15:00,2026-03-18 14:00:00,sell,trend_down,trend_sell_research,4988.96,5000.038162725811,4956.833328095147,4956.833328095147,tp,0.3212667190485263,32.12667190485263,2.9000000000000328,3
valid,2026-03-20 19:45:00,2026-03-23 01:00:00,sell,trend_down,trend_sell_research,4581.28,4618.926385179285,4472.105482980073,4472.105482980073,tp,1.091745170199265,109.1745170199265,2.899999999999995,17
valid,2026-03-23 02:00:00,2026-03-23 03:30:00,sell,trend_down,trend_sell_research,4498.2,4536.130223948041,4388.20235055068,4388.20235055068,tp,1.099976494493194,109.9976494493194,2.8999999999999977,6
valid,2026-03-31 15:00:00,2026-03-31 15:00:00,sell,range,range_sell_research,4582.34,4590.825407825339,4573.854592174661,4590.825407825339,sl,-0.0848540782533928,-8.48540782533928,-1.0,0
valid,2026-04-09 12:30:00,2026-04-09 13:15:00,sell,range,range_sell_research,4729.83,4736.084714609938,4723.575285390062,4736.084714609938,sl,-0.06254714609937764,-6.254714609937764,-1.0,3
valid,2026-04-10 15:15:00,2026-04-10 15:15:00,sell,range,range_sell_research,4766.93,4771.385966480348,4762.474033519653,4762.474033519653,tp,0.044559664803473426,4.455966480347342,1.0,0
valid,2026-04-13 15:15:00,2026-04-13 15:15:00,buy,range,range_buy_research,4717.28,4712.006884114739,4722.553115885261,4712.006884114739,sl,-0.05273115885261177,-5.273115885261177,-1.0,0
valid,2026-04-13 18:45:00,2026-04-13 19:00:00,buy,range,range_buy_research,4712.62,4705.814401552754,4719.425598447246,4719.425598447246,tp,0.06805598447245757,6.805598447245757,1.0,1
valid,2026-04-13 20:00:00,2026-04-13 20:00:00,sell,range,range_sell_research,4733.1,4739.81588908969,4726.3841109103105,4726.3841109103105,tp,0.06715889089689882,6.715889089689881,1.0,0
valid,2026-04-13 22:45:00,2026-04-14 01:00:00,sell,range,range_sell_research,4741.73,4747.621432733026,4735.838567266973,4747.621432733026,sl,-0.058914327330267045,-5.891432733026704,-1.0,5
valid,2026-04-15 20:45:00,2026-04-16 01:45:00,sell,trend_down,trend_sell_research,4793.5,4807.946119603962,4751.60625314851,4807.946119603962,sl,-0.1444611960396196,-14.44611960396196,-1.0,16
valid,2026-04-20 08:15:00,2026-04-20 10:00:00,sell,trend_down,trend_sell_research,4786.54,4800.236042536948,4746.821476642851,4800.236042536948,sl,-0.13696042536947972,-13.69604253694797,-1.0,7
valid,2026-04-20 15:30:00,2026-04-20 15:30:00,sell,range,range_sell_research,4805.73,4810.5317758415,4800.928224158499,4800.928224158499,tp,0.04801775841500785,4.801775841500785,1.0,0
valid,2026-04-22 15:30:00,2026-04-22 15:30:00,buy,range,range_buy_research,4753.11,4749.232771254883,4756.987228745116,4749.232771254883,sl,-0.03877228745116554,-3.877228745116554,-1.0,0
valid,2026-04-27 16:00:00,2026-04-27 16:00:00,buy,range,range_buy_research,4699.26,4695.554610714176,4702.965389285824,4695.554610714176,sl,-0.037053892858239124,-3.7053892858239124,-1.0,0
valid,2026-04-27 17:45:00,2026-04-27 17:45:00,buy,range,range_buy_research,4693.64,4689.225490114254,4698.0545098857465,4689.225490114254,sl,-0.04414509885746156,-4.414509885746156,-1.0,0
valid,2026-04-28 17:15:00,2026-04-28 19:45:00,sell,trend_down,trend_sell_research,4568.34,4591.154022271214,4502.179335413481,4591.154022271214,sl,-0.22814022271213616,-22.814022271213616,-1.0,10
valid,2026-05-01 05:30:00,2026-05-01 05:30:00,sell,range,range_sell_research,4629.43,4633.121034581275,4625.7389654187255,4625.7389654187255,tp,0.036910345812748345,3.6910345812748346,1.0,0
valid,2026-05-01 08:15:00,2026-05-01 08:30:00,buy,range,range_buy_research,4614.33,4610.821677202456,4617.838322797544,4610.821677202456,sl,-0.0350832279754377,-3.5083227975437694,-1.0,1
valid,2026-05-04 05:45:00,2026-05-04 05:45:00,buy,range,range_buy_research,4603.65,4597.740742340486,4609.559257659514,4609.559257659514,tp,0.05909257659513969,5.909257659513969,1.0,0
valid,2026-05-07 04:30:00,2026-05-07 04:30:00,sell,range,range_sell_research,4704.26,4709.040348116331,4699.479651883669,4709.040348116331,sl,-0.0478034811633097,-4.78034811633097,-1.0,0
valid,2026-05-07 19:30:00,2026-05-07 19:30:00,buy,range,range_buy_research,4719.96,4712.996255571131,4726.923744428869,4712.996255571131,sl,-0.06963744428869177,-6.963744428869177,-1.0,0
valid,2026-05-08 17:15:00,2026-05-08 17:15:00,sell,range,range_sell_research,4731.75,4738.532661274585,4724.967338725415,4724.967338725415,tp,0.06782661274584825,6.782661274584825,1.0,0
valid,2026-05-13 17:00:00,2026-05-13 17:00:00,buy,range,range_buy_research,4679.48,4674.604109420255,4684.3558905797445,4674.604109420255,sl,-0.04875890579744919,-4.875890579744919,-1.0,0
valid,2026-05-18 15:00:00,2026-05-18 15:30:00,sell,range,range_sell_research,4550.69,4557.137230415325,4544.2427695846745,4557.137230415325,sl,-0.06447230415325066,-6.447230415325066,-1.0,2
valid,2026-05-21 01:45:00,2026-05-21 04:00:00,buy,trend_up,trend_buy_research,4542.35,4534.005924049514,4556.534929115827,4556.534929115827,tp,0.14184929115826891,14.18492911582689,1.6999999999999782,9
valid,2026-05-21 22:30:00,2026-05-22 04:30:00,buy,trend_up,trend_buy_research,4538.87,4523.322496092255,4565.300756643166,4523.322496092255,sl,-0.15547503907744614,-15.547503907744613,-1.0,20
valid,2026-05-22 17:30:00,2026-05-22 17:30:00,buy,range,range_buy_research,4499.1,4493.535958075912,4504.664041924088,4504.664041924088,tp,0.055640419240880874,5.564041924088087,1.0,0
valid,2026-05-25 14:00:00,2026-05-25 14:00:00,sell,range,range_sell_research,4568.69,4571.726257367838,4565.653742632161,4571.726257367838,sl,-0.03036257367838516,-3.036257367838516,-1.0,0
valid,2026-05-26 18:45:00,2026-05-26 19:00:00,buy,range,range_buy_research,4508.35,4503.1831556452125,4513.516844354788,4503.1831556452125,sl,-0.05166844354787827,-5.166844354787827,-1.0,1
valid,2026-06-01 19:15:00,2026-06-01 19:45:00,sell,trend_down,trend_sell_research,4467.25,4482.105221381528,4424.169857993568,4482.105221381528,sl,-0.1485522138152828,-14.855221381528281,-1.0,2
valid,2026-06-11 15:45:00,2026-06-11 15:45:00,buy,range,range_buy_research,4073.14,4066.8256020956696,4079.45439790433,4079.45439790433,tp,0.06314397904330235,6.314397904330235,1.0,0
